"Path","Slice Name","Alias(s)","Label","Min","Max","Must Support?","Is Modifier?","Is Summary?","Type(s)","Short","Definition","Comments","Requirements","Default Value","Meaning When Missing","Fixed Value","Pattern","Example","Minimum Value","Maximum Value","Maximum Length","Binding Strength","Binding Description","Binding Value Set","Code","Slicing Discriminator","Slicing Description","Slicing Ordered","Slicing Rules","Base Path","Base Min","Base Max","Condition(s)","Constraint(s)","Mapping: HL7 v2 Mapping","Mapping: RIM Mapping","Mapping: W5 Mapping"
"Bundle","","","",0,*,"","","","","Contains a collection of resources","This is the output Appointment Bundle profile which is returned as a result of the *Operation$find* operation.","","","","","","","","","",,,,,"",,,,"Bundle",0,*,"","bdl-7:FullUrl must be unique in a bundle, or else entries with the same fullUrl must have different meta.versionId {entry.where(fullUrl).select(fullUrl&resource.meta.versionId).isDistinct()}
bdl-9:A document must have an identifier with a system and a value {type = 'document' implies (identifier.system.exists() and identifier.value.exists())}bdl-3:entry.request only for some types of bundles {entry.request.empty() or type = 'batch' or type = 'transaction' or type = 'history'}bdl-4:entry.response only for some types of bundles {entry.response.empty() or type = 'batch-response' or type = 'transaction-response'}bdl-1:total only when a search or history {total.empty() or (type = 'searchset') or (type = 'history')}bdl-2:entry.search only when a search {entry.search.empty() or (type = 'searchset')}","N/A","Entity. Role, or Act","N/A","infrastructure.structure"
"Bundle.id","","","",0,1,"","","Y","id {[]} {[]}
","Logical id of this artifact","The logical id of the resource, as used in the URL for the resource. Once assigned, this value never changes.","The only time that a resource does not have an id is when it is being submitted to the server using a create operation.","","","","","","","","",,,,,"",,,,"Resource.id",0,1,"",""
"Bundle.meta","","","",0,1,"","","Y","Meta {[]} {[]}
","Metadata about the resource","The metadata about the resource. This is content that is maintained by the infrastructure. Changes to the content may not always be associated with version changes to the resource.","","","","","","","","","",,,,,"",,,,"Resource.meta",0,1,"",""
"Bundle.implicitRules","","","",0,1,"","Y","Y","uri {[]} {[]}
","A set of rules under which this content was created","A reference to a set of rules that were followed when the resource was constructed, and which must be understood when processing the content.","Asserting this rule set restricts the content to be only understood by a limited set of trading partners. This inherently limits the usefulness of the data in the long term. However, the existing health eco-system is highly fractured, and not yet ready to define, collect, and exchange data in a generally computable sense. Wherever possible, implementers and/or specification writers should avoid using this element. 

This element is labelled as a modifier because the implicit rules may provide additional knowledge about the resource that modifies it's meaning or interpretation.","","","","","","","","",,,,,"",,,,"Resource.implicitRules",0,1,"",""
"Bundle.language","","","",0,1,"","","","code {[]} {[]}
","Language of the resource content","The base language in which the resource is written.","Language is provided to support indexing and accessibility (typically, services such as text to speech use the language tag). The html language tag in the narrative applies  to the narrative. The language tag on the resource may be used to specify the language of other presentations generated from the data in the resource  Not all the content has to be in the base language. The Resource.language should not be assumed to apply to the narrative automatically. If a language is specified, it should it also be specified on the div element in the html (see rules in HTML5 for information about the relationship between xml:lang and the html lang attribute).","","","","","","","","",,"extensible","A human language.","http://hl7.org/fhir/ValueSet/languages","",,,,"Resource.language",0,1,"",""
"Bundle.identifier","","","",0,1,"","","Y","Identifier {[]} {[]}
","Persistent identifier for the bundle","A persistent identifier for the batch that won't change as a batch is copied from server to server.","Persistent identity generally only matters for batches of type Document, Message, and Collection. It would not normally be populated for search and history results, and servers ignore Bundle.identifier when processing batches and transactions. For Documents  the .identifier SHALL be populated such that the .identifier is globally unique.","","","","","","","","",,,,,"",,,,"Bundle.identifier",0,1,"","","id"
"Bundle.type","","","",1,1,"Y","","Y","code {[]} {[]}
","searchset|history","Indicates the purpose of this bundle - how it was intended to be used.","It's possible to use a bundle for other purposes (e.g. a document can be accepted as a transaction). This is primarily defined so that there can be specific rules for some of the bundle types.","","","","","","","","",,"required","Profile types constrained to 'history' and 'searchset'","http://fhir.org/guides/argonaut-scheduling/ValueSet/slot-bundle-type","",,,,"Bundle.type",1,1,"","","class"
"Bundle.total","","","",1,1,"Y","","Y","unsignedInt {[]} {[]}
","If search, the total number of matches","If a set of search matches, this is the total number of matches for the search (as opposed to the number of results in this bundle).","Only used if the bundle is a search result set. The total does not include resources such as OperationOutcome and included resources, only the total number of matching resources.","","","","","","","","",,,,,"",,,,"Bundle.total",0,1,"bdl-1
",""
"Bundle.link","","","",0,*,"","","Y","BackboneElement {[]} {[]}
","Links related to this Bundle","A series of links that provide context to this bundle.","","","","","","","","","",,,,,"",,,,"Bundle.link",0,*,"","ele-1:All FHIR elements must have a @value or children {hasValue() | (children().count() > id.count())}
"
"Bundle.link.id","","","",0,1,"","","","string {[]} {[]}
","xml:id (or equivalent in JSON)","unique id for the element within a resource (for internal references). This may be any string value that does not contain spaces.","","","","","","","","","",,,,,"",,,,"Element.id",0,1,"","","n/a"
"Bundle.link.extension","","extensions
user content","",0,*,"","","","Extension {[]} {[]}
","Additional Content defined by implementations","May be used to represent additional information that is not part of the basic definition of the element. In order to make the use of extensions safe and manageable, there is a strict set of governance  applied to the definition and use of extensions. Though any implementer is allowed to define an extension, there is a set of requirements that SHALL be met as part of the definition of the extension.","There can be no stigma associated with the use of extensions by any application, project, or standard - regardless of the institution or jurisdiction that uses or defines the extensions.  The use of extensions is what allows the FHIR specification to retain a core level of simplicity for everyone.","","","","","","","","",,,,,"",,,,"Element.extension",0,*,"","","n/a"
"Bundle.link.modifierExtension","","extensions
user contentmodifiers","",0,*,"","Y","Y","Extension {[]} {[]}
","Extensions that cannot be ignored","May be used to represent additional information that is not part of the basic definition of the element, and that modifies the understanding of the element that contains it. Usually modifier elements provide negation or qualification. In order to make the use of extensions safe and manageable, there is a strict set of governance applied to the definition and use of extensions. Though any implementer is allowed to define an extension, there is a set of requirements that SHALL be met as part of the definition of the extension. Applications processing a resource are required to check for modifier extensions.","There can be no stigma associated with the use of extensions by any application, project, or standard - regardless of the institution or jurisdiction that uses or defines the extensions.  The use of extensions is what allows the FHIR specification to retain a core level of simplicity for everyone.","","","","","","","","",,,,,"",,,,"BackboneElement.modifierExtension",0,*,"","","N/A"
"Bundle.link.relation","","","",1,1,"","","Y","string {[]} {[]}
","See http://www.iana.org/assignments/link-relations/link-relations.xhtml#link-relations-1","A name which details the functional use for this link - see [http://www.iana.org/assignments/link-relations/link-relations.xhtml#link-relations-1](http://www.iana.org/assignments/link-relations/link-relations.xhtml#link-relations-1).","","","","","","","","","",,,,,"",,,,"Bundle.link.relation",1,1,"",""
"Bundle.link.url","","","",1,1,"","","Y","uri {[]} {[]}
","Reference details for the link","The reference details for the link.","","","","","","","","","",,,,,"",,,,"Bundle.link.url",1,1,"",""
"Bundle.entry","","","",1,*,"Y","","Y","BackboneElement {[]} {[]}
","Entry in the bundle - will have a resource, or information","An entry in a bundle resource - will either contain a resource, or information about a resource (transactions and history only).","","","","","","","","","",,,,,"","value:resource}
","",,"open","Bundle.entry",0,*,"","ele-1:All FHIR elements must have a @value or children {hasValue() | (children().count() > id.count())}
bdl-8:fullUrl cannot be a version specific reference {fullUrl.contains('/_history/').not()}bdl-5:must be a resource unless there's a request or response {resource.exists() or request.exists() or response.exists()}"
"Bundle.entry.id","","","",0,1,"","","","string {[]} {[]}
","xml:id (or equivalent in JSON)","unique id for the element within a resource (for internal references). This may be any string value that does not contain spaces.","","","","","","","","","",,,,,"",,,,"Element.id",0,1,"","","n/a"
"Bundle.entry.extension","","extensions
user content","",0,*,"","","","Extension {[]} {[]}
","Additional Content defined by implementations","May be used to represent additional information that is not part of the basic definition of the element. In order to make the use of extensions safe and manageable, there is a strict set of governance  applied to the definition and use of extensions. Though any implementer is allowed to define an extension, there is a set of requirements that SHALL be met as part of the definition of the extension.","There can be no stigma associated with the use of extensions by any application, project, or standard - regardless of the institution or jurisdiction that uses or defines the extensions.  The use of extensions is what allows the FHIR specification to retain a core level of simplicity for everyone.","","","","","","","","",,,,,"",,,,"Element.extension",0,*,"","","n/a"
"Bundle.entry.modifierExtension","","extensions
user contentmodifiers","",0,*,"","Y","Y","Extension {[]} {[]}
","Extensions that cannot be ignored","May be used to represent additional information that is not part of the basic definition of the element, and that modifies the understanding of the element that contains it. Usually modifier elements provide negation or qualification. In order to make the use of extensions safe and manageable, there is a strict set of governance applied to the definition and use of extensions. Though any implementer is allowed to define an extension, there is a set of requirements that SHALL be met as part of the definition of the extension. Applications processing a resource are required to check for modifier extensions.","There can be no stigma associated with the use of extensions by any application, project, or standard - regardless of the institution or jurisdiction that uses or defines the extensions.  The use of extensions is what allows the FHIR specification to retain a core level of simplicity for everyone.","","","","","","","","",,,,,"",,,,"BackboneElement.modifierExtension",0,*,"","","N/A"
"Bundle.entry.link","","","",0,*,"","","Y","","Links related to this entry","A series of links that provide context to this entry.","","","","","","","","","",,,,,"",,,,"Bundle.entry.link",0,*,"",""
"Bundle.entry.fullUrl","","","",0,1,"","","Y","uri {[]} {[]}
","Absolute URL for resource (server address, or UUID/OID)","The Absolute URL for the resource.  The fullUrl SHALL not disagree with the id in the resource. The fullUrl is a version independent reference to the resource. The fullUrl element SHALL have a value except that: 
* fullUrl can be empty on a POST (although it does not need to when specifying a temporary id for reference in the bundle)
* Results from operations might involve resources that are not identified.","fullUrl may not be [unique in the context of a resource](bundle.html#bundle-unique). Note that since [FHIR resources do not need to be served through the FHIR API](references.html), the absolute URL may not end with the logical id of the resource (Resource.id), but if the fullUrl does look like a RESTful server URL (e.g. meets the [regex](references.html#regex), then it SHALL end with the Resource.id.","","","","","","","","",,,,,"",,,,"Bundle.entry.fullUrl",0,1,"",""
"Bundle.entry.resource","","","",0,1,"","","Y","Resource {[]} {[]}
","A resource in the bundle","The Resources for the entry.","","","","","","","","","",,,,,"",,,,"Bundle.entry.resource",0,1,"",""
"Bundle.entry.search","","","",0,1,"","","Y","BackboneElement {[]} {[]}
","Search related information","Information about the search process that lead to the creation of this entry.","","","","","","","","","",,,,,"",,,,"Bundle.entry.search",0,1,"bdl-2
","ele-1:All FHIR elements must have a @value or children {hasValue() | (children().count() > id.count())}
"
"Bundle.entry.search.id","","","",0,1,"","","","string {[]} {[]}
","xml:id (or equivalent in JSON)","unique id for the element within a resource (for internal references). This may be any string value that does not contain spaces.","","","","","","","","","",,,,,"",,,,"Element.id",0,1,"","","n/a"
"Bundle.entry.search.extension","","extensions
user content","",0,*,"","","","Extension {[]} {[]}
","Additional Content defined by implementations","May be used to represent additional information that is not part of the basic definition of the element. In order to make the use of extensions safe and manageable, there is a strict set of governance  applied to the definition and use of extensions. Though any implementer is allowed to define an extension, there is a set of requirements that SHALL be met as part of the definition of the extension.","There can be no stigma associated with the use of extensions by any application, project, or standard - regardless of the institution or jurisdiction that uses or defines the extensions.  The use of extensions is what allows the FHIR specification to retain a core level of simplicity for everyone.","","","","","","","","",,,,,"",,,,"Element.extension",0,*,"","","n/a"
"Bundle.entry.search.modifierExtension","","extensions
user contentmodifiers","",0,*,"","Y","Y","Extension {[]} {[]}
","Extensions that cannot be ignored","May be used to represent additional information that is not part of the basic definition of the element, and that modifies the understanding of the element that contains it. Usually modifier elements provide negation or qualification. In order to make the use of extensions safe and manageable, there is a strict set of governance applied to the definition and use of extensions. Though any implementer is allowed to define an extension, there is a set of requirements that SHALL be met as part of the definition of the extension. Applications processing a resource are required to check for modifier extensions.","There can be no stigma associated with the use of extensions by any application, project, or standard - regardless of the institution or jurisdiction that uses or defines the extensions.  The use of extensions is what allows the FHIR specification to retain a core level of simplicity for everyone.","","","","","","","","",,,,,"",,,,"BackboneElement.modifierExtension",0,*,"","","N/A"
"Bundle.entry.search.mode","","","",0,1,"","","Y","code {[]} {[]}
","match | include | outcome - why this is in the result set","Why this entry is in the result set - whether it's included as a match or because of an _include requirement.","There is only one mode. In some corner cases, a resource may be included because it is both a match and an include. In these circumstances, 'match' takes precedence.","","","","","","","","",,"required","Why an entry is in the result set - whether it's included as a match or because of an _include requirement.","http://hl7.org/fhir/ValueSet/search-entry-mode","",,,,"Bundle.entry.search.mode",0,1,"",""
"Bundle.entry.search.score","","","",0,1,"","","Y","decimal {[]} {[]}
","Search ranking (between 0 and 1)","When searching, the server's search ranking score for the entry.","Servers are not required to return a ranking score. 1 is most relevant, and 0 is least relevant. Often, search results are sorted by score, but the client may specify a different sort order.","","","","","","","","",,,,,"",,,,"Bundle.entry.search.score",0,1,"",""
"Bundle.entry.request","","","",0,1,"","","Y","BackboneElement {[]} {[]}
","Transaction Related Information","Additional information about how this entry should be processed as part of a transaction.","","","","","","","","","",,,,,"",,,,"Bundle.entry.request",0,1,"bdl-3
","ele-1:All FHIR elements must have a @value or children {hasValue() | (children().count() > id.count())}
"
"Bundle.entry.request.id","","","",0,1,"","","","string {[]} {[]}
","xml:id (or equivalent in JSON)","unique id for the element within a resource (for internal references). This may be any string value that does not contain spaces.","","","","","","","","","",,,,,"",,,,"Element.id",0,1,"","","n/a"
"Bundle.entry.request.extension","","extensions
user content","",0,*,"","","","Extension {[]} {[]}
","Additional Content defined by implementations","May be used to represent additional information that is not part of the basic definition of the element. In order to make the use of extensions safe and manageable, there is a strict set of governance  applied to the definition and use of extensions. Though any implementer is allowed to define an extension, there is a set of requirements that SHALL be met as part of the definition of the extension.","There can be no stigma associated with the use of extensions by any application, project, or standard - regardless of the institution or jurisdiction that uses or defines the extensions.  The use of extensions is what allows the FHIR specification to retain a core level of simplicity for everyone.","","","","","","","","",,,,,"",,,,"Element.extension",0,*,"","","n/a"
"Bundle.entry.request.modifierExtension","","extensions
user contentmodifiers","",0,*,"","Y","Y","Extension {[]} {[]}
","Extensions that cannot be ignored","May be used to represent additional information that is not part of the basic definition of the element, and that modifies the understanding of the element that contains it. Usually modifier elements provide negation or qualification. In order to make the use of extensions safe and manageable, there is a strict set of governance applied to the definition and use of extensions. Though any implementer is allowed to define an extension, there is a set of requirements that SHALL be met as part of the definition of the extension. Applications processing a resource are required to check for modifier extensions.","There can be no stigma associated with the use of extensions by any application, project, or standard - regardless of the institution or jurisdiction that uses or defines the extensions.  The use of extensions is what allows the FHIR specification to retain a core level of simplicity for everyone.","","","","","","","","",,,,,"",,,,"BackboneElement.modifierExtension",0,*,"","","N/A"
"Bundle.entry.request.method","","","",1,1,"","","Y","code {[]} {[]}
","GET | POST | PUT | DELETE","The HTTP verb for this entry in either a change history, or a transaction/ transaction response.","","","","","","","","","",,"required","HTTP verbs (in the HTTP command line).","http://hl7.org/fhir/ValueSet/http-verb","",,,,"Bundle.entry.request.method",1,1,"",""
"Bundle.entry.request.url","","","",1,1,"","","Y","uri {[]} {[]}
","URL for HTTP equivalent of this entry","The URL for this entry, relative to the root (the address to which the request is posted).","E.g. for a Patient Create, the method would be ""POST"" and the URL would be ""Patient"". For a Patient Update, the method would be PUT, and the URL would be ""Patient/[id]"".","","","","","","","","",,,,,"",,,,"Bundle.entry.request.url",1,1,"",""
"Bundle.entry.request.ifNoneMatch","","","",0,1,"","","Y","string {[]} {[]}
","For managing cache currency","If the ETag values match, return a 304 Not Modified status. See the API documentation for [""Conditional Read""](http.html#cread).","","","","","","","","","",,,,,"",,,,"Bundle.entry.request.ifNoneMatch",0,1,"",""
"Bundle.entry.request.ifModifiedSince","","","",0,1,"","","Y","instant {[]} {[]}
","For managing update contention","Only perform the operation if the last updated date matches. See the API documentation for [""Conditional Read""](http.html#cread).","","","","","","","","","",,,,,"",,,,"Bundle.entry.request.ifModifiedSince",0,1,"",""
"Bundle.entry.request.ifMatch","","","",0,1,"","","Y","string {[]} {[]}
","For managing update contention","Only perform the operation if the Etag value matches. For more information, see the API section [""Managing Resource Contention""](http.html#concurrency).","","","","","","","","","",,,,,"",,,,"Bundle.entry.request.ifMatch",0,1,"",""
"Bundle.entry.request.ifNoneExist","","","",0,1,"","","Y","string {[]} {[]}
","For conditional creates","Instruct the server not to perform the create if a specified resource already exists. For further information, see the API documentation for [""Conditional Create""](http.html#ccreate). This is just the query portion of the URL - what follows the ""?"" (not including the ""?"").","","","","","","","","","",,,,,"",,,,"Bundle.entry.request.ifNoneExist",0,1,"",""
"Bundle.entry.response","","","",0,1,"","","Y","BackboneElement {[]} {[]}
","Transaction Related Information","Additional information about how this entry should be processed as part of a transaction.","","","","","","","","","",,,,,"",,,,"Bundle.entry.response",0,1,"bdl-4
","ele-1:All FHIR elements must have a @value or children {hasValue() | (children().count() > id.count())}
"
"Bundle.entry.response.id","","","",0,1,"","","","string {[]} {[]}
","xml:id (or equivalent in JSON)","unique id for the element within a resource (for internal references). This may be any string value that does not contain spaces.","","","","","","","","","",,,,,"",,,,"Element.id",0,1,"","","n/a"
"Bundle.entry.response.extension","","extensions
user content","",0,*,"","","","Extension {[]} {[]}
","Additional Content defined by implementations","May be used to represent additional information that is not part of the basic definition of the element. In order to make the use of extensions safe and manageable, there is a strict set of governance  applied to the definition and use of extensions. Though any implementer is allowed to define an extension, there is a set of requirements that SHALL be met as part of the definition of the extension.","There can be no stigma associated with the use of extensions by any application, project, or standard - regardless of the institution or jurisdiction that uses or defines the extensions.  The use of extensions is what allows the FHIR specification to retain a core level of simplicity for everyone.","","","","","","","","",,,,,"",,,,"Element.extension",0,*,"","","n/a"
"Bundle.entry.response.modifierExtension","","extensions
user contentmodifiers","",0,*,"","Y","Y","Extension {[]} {[]}
","Extensions that cannot be ignored","May be used to represent additional information that is not part of the basic definition of the element, and that modifies the understanding of the element that contains it. Usually modifier elements provide negation or qualification. In order to make the use of extensions safe and manageable, there is a strict set of governance applied to the definition and use of extensions. Though any implementer is allowed to define an extension, there is a set of requirements that SHALL be met as part of the definition of the extension. Applications processing a resource are required to check for modifier extensions.","There can be no stigma associated with the use of extensions by any application, project, or standard - regardless of the institution or jurisdiction that uses or defines the extensions.  The use of extensions is what allows the FHIR specification to retain a core level of simplicity for everyone.","","","","","","","","",,,,,"",,,,"BackboneElement.modifierExtension",0,*,"","","N/A"
"Bundle.entry.response.status","","","",1,1,"","","Y","string {[]} {[]}
","Status response code (text optional)","The status code returned by processing this entry. The status SHALL start with a 3 digit HTTP code (e.g. 404) and may contain the standard HTTP description associated with the status code.","","","","","","","","","",,,,,"",,,,"Bundle.entry.response.status",1,1,"",""
"Bundle.entry.response.location","","","",0,1,"","","Y","uri {[]} {[]}
","The location, if the operation returns a location","The location header created by processing this operation.","","","","","","","","","",,,,,"",,,,"Bundle.entry.response.location",0,1,"",""
"Bundle.entry.response.etag","","","",0,1,"","","Y","string {[]} {[]}
","The etag for the resource (if relevant)","The etag for the resource, it the operation for the entry produced a versioned resource (see [Resource Metadata and Versioning](http.html#versioning) and [Managing Resource Contention](http.html#concurrency)).","Etags match the Resource.meta.versionId. The ETag has to match the version id in the header if a resource is included.","","","","","","","","",,,,,"",,,,"Bundle.entry.response.etag",0,1,"",""
"Bundle.entry.response.lastModified","","","",0,1,"","","Y","instant {[]} {[]}
","Server's date time modified","The date/time that the resource was modified on the server.","This has to match the same time in the meta header if a resource is included.","","","","","","","","",,,,,"",,,,"Bundle.entry.response.lastModified",0,1,"",""
"Bundle.entry.response.outcome","","","",0,1,"","","Y","Resource {[]} {[]}
","OperationOutcome with hints and warnings (for batch/transaction)","An OperationOutcome containing hints and warnings produced as part of processing this entry in a batch or transaction.","For a POST/PUT operation, this is the equivalent outcome that would be returned for prefer = operationoutcome - except that the resource is always returned whether or not the outcome is returned.","","","","","","","","",,,,,"",,,,"Bundle.entry.response.outcome",0,1,"",""
"Bundle.entry","entryappt","","",0,*,"Y","","Y","BackboneElement {[]} {[]}
","Entry in the bundle - will have a resource, or information","An entry in a bundle resource - will either contain a resource, or information about a resource (transactions and history only).","","","","","","","","","",,,,,"",,,,"Bundle.entry",0,*,"","ele-1:All FHIR elements must have a @value or children {hasValue() | (children().count() > id.count())}
bdl-8:fullUrl cannot be a version specific reference {fullUrl.contains('/_history/').not()}bdl-5:must be a resource unless there's a request or response {resource.exists() or request.exists() or response.exists()}"
"Bundle.entry.id","","","",0,1,"","","","string {[]} {[]}
","xml:id (or equivalent in JSON)","unique id for the element within a resource (for internal references). This may be any string value that does not contain spaces.","","","","","","","","","",,,,,"",,,,"Element.id",0,1,"","","n/a"
"Bundle.entry.extension","","extensions
user content","",0,*,"","","","Extension {[]} {[]}
","Additional Content defined by implementations","May be used to represent additional information that is not part of the basic definition of the element. In order to make the use of extensions safe and manageable, there is a strict set of governance  applied to the definition and use of extensions. Though any implementer is allowed to define an extension, there is a set of requirements that SHALL be met as part of the definition of the extension.","There can be no stigma associated with the use of extensions by any application, project, or standard - regardless of the institution or jurisdiction that uses or defines the extensions.  The use of extensions is what allows the FHIR specification to retain a core level of simplicity for everyone.","","","","","","","","",,,,,"",,,,"Element.extension",0,*,"","","n/a"
"Bundle.entry.modifierExtension","","extensions
user contentmodifiers","",0,*,"","Y","Y","Extension {[]} {[]}
","Extensions that cannot be ignored","May be used to represent additional information that is not part of the basic definition of the element, and that modifies the understanding of the element that contains it. Usually modifier elements provide negation or qualification. In order to make the use of extensions safe and manageable, there is a strict set of governance applied to the definition and use of extensions. Though any implementer is allowed to define an extension, there is a set of requirements that SHALL be met as part of the definition of the extension. Applications processing a resource are required to check for modifier extensions.","There can be no stigma associated with the use of extensions by any application, project, or standard - regardless of the institution or jurisdiction that uses or defines the extensions.  The use of extensions is what allows the FHIR specification to retain a core level of simplicity for everyone.","","","","","","","","",,,,,"",,,,"BackboneElement.modifierExtension",0,*,"","","N/A"
"Bundle.entry.link","","","",0,*,"","","Y","","Links related to this entry","A series of links that provide context to this entry.","","","","","","","","","",,,,,"",,,,"Bundle.entry.link",0,*,"",""
"Bundle.entry.fullUrl","","","",0,1,"","","Y","uri {[]} {[]}
","Absolute URL for resource (server address, or UUID/OID)","The Absolute URL for the resource.  The fullUrl SHALL not disagree with the id in the resource. The fullUrl is a version independent reference to the resource. The fullUrl element SHALL have a value except that: 
* fullUrl can be empty on a POST (although it does not need to when specifying a temporary id for reference in the bundle)
* Results from operations might involve resources that are not identified.","fullUrl may not be [unique in the context of a resource](bundle.html#bundle-unique). Note that since [FHIR resources do not need to be served through the FHIR API](references.html), the absolute URL may not end with the logical id of the resource (Resource.id), but if the fullUrl does look like a RESTful server URL (e.g. meets the [regex](references.html#regex), then it SHALL end with the Resource.id.","","","","","","","","",,,,,"",,,,"Bundle.entry.fullUrl",0,1,"",""
"Bundle.entry.resource","","","",0,1,"Y","","Y","Appointment {[CanonicalType[http://fhir.org/guides/argonaut-scheduling/StructureDefinition/prefetch-slot]]} {[]}
","A resource in the bundle","The Resources for the entry.","","","","","","","","","",,,,,"",,,,"Bundle.entry.resource",0,1,"",""
"Bundle.entry.search","","","",0,1,"Y","","Y","BackboneElement {[]} {[]}
","Search related information","Information about the search process that lead to the creation of this entry.","","","","","","","","","",,,,,"",,,,"Bundle.entry.search",0,1,"bdl-2
","ele-1:All FHIR elements must have a @value or children {hasValue() | (children().count() > id.count())}
"
"Bundle.entry.search.id","","","",0,1,"","","","string {[]} {[]}
","xml:id (or equivalent in JSON)","unique id for the element within a resource (for internal references). This may be any string value that does not contain spaces.","","","","","","","","","",,,,,"",,,,"Element.id",0,1,"","","n/a"
"Bundle.entry.search.extension","","extensions
user content","",0,*,"","","","Extension {[]} {[]}
","Additional Content defined by implementations","May be used to represent additional information that is not part of the basic definition of the element. In order to make the use of extensions safe and manageable, there is a strict set of governance  applied to the definition and use of extensions. Though any implementer is allowed to define an extension, there is a set of requirements that SHALL be met as part of the definition of the extension.","There can be no stigma associated with the use of extensions by any application, project, or standard - regardless of the institution or jurisdiction that uses or defines the extensions.  The use of extensions is what allows the FHIR specification to retain a core level of simplicity for everyone.","","","","","","","","",,,,,"",,,,"Element.extension",0,*,"","","n/a"
"Bundle.entry.search.modifierExtension","","extensions
user contentmodifiers","",0,*,"","Y","Y","Extension {[]} {[]}
","Extensions that cannot be ignored","May be used to represent additional information that is not part of the basic definition of the element, and that modifies the understanding of the element that contains it. Usually modifier elements provide negation or qualification. In order to make the use of extensions safe and manageable, there is a strict set of governance applied to the definition and use of extensions. Though any implementer is allowed to define an extension, there is a set of requirements that SHALL be met as part of the definition of the extension. Applications processing a resource are required to check for modifier extensions.","There can be no stigma associated with the use of extensions by any application, project, or standard - regardless of the institution or jurisdiction that uses or defines the extensions.  The use of extensions is what allows the FHIR specification to retain a core level of simplicity for everyone.","","","","","","","","",,,,,"",,,,"BackboneElement.modifierExtension",0,*,"","","N/A"
"Bundle.entry.search.mode","","","",1,1,"Y","","Y","code {[]} {[]}
","match | include | outcome - why this is in the result set","Why this entry is in the result set - whether it's included as a match or because of an _include requirement.","There is only one mode. In some corner cases, a resource may be included because it is both a match and an include. In these circumstances, 'match' takes precedence.","","","","<valueCode xmlns=""http://hl7.org/fhir"" value=""match""/>","","","","",,"required","Why an entry is in the result set - whether it's included as a match or because of an _include requirement.","http://hl7.org/fhir/ValueSet/search-entry-mode","",,,,"Bundle.entry.search.mode",0,1,"",""
"Bundle.entry.search.score","","","",0,1,"","","Y","decimal {[]} {[]}
","Search ranking (between 0 and 1)","When searching, the server's search ranking score for the entry.","Servers are not required to return a ranking score. 1 is most relevant, and 0 is least relevant. Often, search results are sorted by score, but the client may specify a different sort order.","","","","","","","","",,,,,"",,,,"Bundle.entry.search.score",0,1,"",""
"Bundle.entry.request","","","",0,1,"","","Y","BackboneElement {[]} {[]}
","Transaction Related Information","Additional information about how this entry should be processed as part of a transaction.","","","","","","","","","",,,,,"",,,,"Bundle.entry.request",0,1,"bdl-3
","ele-1:All FHIR elements must have a @value or children {hasValue() | (children().count() > id.count())}
"
"Bundle.entry.request.id","","","",0,1,"","","","string {[]} {[]}
","xml:id (or equivalent in JSON)","unique id for the element within a resource (for internal references). This may be any string value that does not contain spaces.","","","","","","","","","",,,,,"",,,,"Element.id",0,1,"","","n/a"
"Bundle.entry.request.extension","","extensions
user content","",0,*,"","","","Extension {[]} {[]}
","Additional Content defined by implementations","May be used to represent additional information that is not part of the basic definition of the element. In order to make the use of extensions safe and manageable, there is a strict set of governance  applied to the definition and use of extensions. Though any implementer is allowed to define an extension, there is a set of requirements that SHALL be met as part of the definition of the extension.","There can be no stigma associated with the use of extensions by any application, project, or standard - regardless of the institution or jurisdiction that uses or defines the extensions.  The use of extensions is what allows the FHIR specification to retain a core level of simplicity for everyone.","","","","","","","","",,,,,"",,,,"Element.extension",0,*,"","","n/a"
"Bundle.entry.request.modifierExtension","","extensions
user contentmodifiers","",0,*,"","Y","Y","Extension {[]} {[]}
","Extensions that cannot be ignored","May be used to represent additional information that is not part of the basic definition of the element, and that modifies the understanding of the element that contains it. Usually modifier elements provide negation or qualification. In order to make the use of extensions safe and manageable, there is a strict set of governance applied to the definition and use of extensions. Though any implementer is allowed to define an extension, there is a set of requirements that SHALL be met as part of the definition of the extension. Applications processing a resource are required to check for modifier extensions.","There can be no stigma associated with the use of extensions by any application, project, or standard - regardless of the institution or jurisdiction that uses or defines the extensions.  The use of extensions is what allows the FHIR specification to retain a core level of simplicity for everyone.","","","","","","","","",,,,,"",,,,"BackboneElement.modifierExtension",0,*,"","","N/A"
"Bundle.entry.request.method","","","",1,1,"","","Y","code {[]} {[]}
","GET | POST | PUT | DELETE","The HTTP verb for this entry in either a change history, or a transaction/ transaction response.","","","","","","","","","",,"required","HTTP verbs (in the HTTP command line).","http://hl7.org/fhir/ValueSet/http-verb","",,,,"Bundle.entry.request.method",1,1,"",""
"Bundle.entry.request.url","","","",1,1,"","","Y","uri {[]} {[]}
","URL for HTTP equivalent of this entry","The URL for this entry, relative to the root (the address to which the request is posted).","E.g. for a Patient Create, the method would be ""POST"" and the URL would be ""Patient"". For a Patient Update, the method would be PUT, and the URL would be ""Patient/[id]"".","","","","","","","","",,,,,"",,,,"Bundle.entry.request.url",1,1,"",""
"Bundle.entry.request.ifNoneMatch","","","",0,1,"","","Y","string {[]} {[]}
","For managing cache currency","If the ETag values match, return a 304 Not Modified status. See the API documentation for [""Conditional Read""](http.html#cread).","","","","","","","","","",,,,,"",,,,"Bundle.entry.request.ifNoneMatch",0,1,"",""
"Bundle.entry.request.ifModifiedSince","","","",0,1,"","","Y","instant {[]} {[]}
","For managing update contention","Only perform the operation if the last updated date matches. See the API documentation for [""Conditional Read""](http.html#cread).","","","","","","","","","",,,,,"",,,,"Bundle.entry.request.ifModifiedSince",0,1,"",""
"Bundle.entry.request.ifMatch","","","",0,1,"","","Y","string {[]} {[]}
","For managing update contention","Only perform the operation if the Etag value matches. For more information, see the API section [""Managing Resource Contention""](http.html#concurrency).","","","","","","","","","",,,,,"",,,,"Bundle.entry.request.ifMatch",0,1,"",""
"Bundle.entry.request.ifNoneExist","","","",0,1,"","","Y","string {[]} {[]}
","For conditional creates","Instruct the server not to perform the create if a specified resource already exists. For further information, see the API documentation for [""Conditional Create""](http.html#ccreate). This is just the query portion of the URL - what follows the ""?"" (not including the ""?"").","","","","","","","","","",,,,,"",,,,"Bundle.entry.request.ifNoneExist",0,1,"",""
"Bundle.entry.response","","","",0,1,"","","Y","BackboneElement {[]} {[]}
","Transaction Related Information","Additional information about how this entry should be processed as part of a transaction.","","","","","","","","","",,,,,"",,,,"Bundle.entry.response",0,1,"bdl-4
","ele-1:All FHIR elements must have a @value or children {hasValue() | (children().count() > id.count())}
"
"Bundle.entry.response.id","","","",0,1,"","","","string {[]} {[]}
","xml:id (or equivalent in JSON)","unique id for the element within a resource (for internal references). This may be any string value that does not contain spaces.","","","","","","","","","",,,,,"",,,,"Element.id",0,1,"","","n/a"
"Bundle.entry.response.extension","","extensions
user content","",0,*,"","","","Extension {[]} {[]}
","Additional Content defined by implementations","May be used to represent additional information that is not part of the basic definition of the element. In order to make the use of extensions safe and manageable, there is a strict set of governance  applied to the definition and use of extensions. Though any implementer is allowed to define an extension, there is a set of requirements that SHALL be met as part of the definition of the extension.","There can be no stigma associated with the use of extensions by any application, project, or standard - regardless of the institution or jurisdiction that uses or defines the extensions.  The use of extensions is what allows the FHIR specification to retain a core level of simplicity for everyone.","","","","","","","","",,,,,"",,,,"Element.extension",0,*,"","","n/a"
"Bundle.entry.response.modifierExtension","","extensions
user contentmodifiers","",0,*,"","Y","Y","Extension {[]} {[]}
","Extensions that cannot be ignored","May be used to represent additional information that is not part of the basic definition of the element, and that modifies the understanding of the element that contains it. Usually modifier elements provide negation or qualification. In order to make the use of extensions safe and manageable, there is a strict set of governance applied to the definition and use of extensions. Though any implementer is allowed to define an extension, there is a set of requirements that SHALL be met as part of the definition of the extension. Applications processing a resource are required to check for modifier extensions.","There can be no stigma associated with the use of extensions by any application, project, or standard - regardless of the institution or jurisdiction that uses or defines the extensions.  The use of extensions is what allows the FHIR specification to retain a core level of simplicity for everyone.","","","","","","","","",,,,,"",,,,"BackboneElement.modifierExtension",0,*,"","","N/A"
"Bundle.entry.response.status","","","",1,1,"","","Y","string {[]} {[]}
","Status response code (text optional)","The status code returned by processing this entry. The status SHALL start with a 3 digit HTTP code (e.g. 404) and may contain the standard HTTP description associated with the status code.","","","","","","","","","",,,,,"",,,,"Bundle.entry.response.status",1,1,"",""
"Bundle.entry.response.location","","","",0,1,"","","Y","uri {[]} {[]}
","The location, if the operation returns a location","The location header created by processing this operation.","","","","","","","","","",,,,,"",,,,"Bundle.entry.response.location",0,1,"",""
"Bundle.entry.response.etag","","","",0,1,"","","Y","string {[]} {[]}
","The etag for the resource (if relevant)","The etag for the resource, it the operation for the entry produced a versioned resource (see [Resource Metadata and Versioning](http.html#versioning) and [Managing Resource Contention](http.html#concurrency)).","Etags match the Resource.meta.versionId. The ETag has to match the version id in the header if a resource is included.","","","","","","","","",,,,,"",,,,"Bundle.entry.response.etag",0,1,"",""
"Bundle.entry.response.lastModified","","","",0,1,"","","Y","instant {[]} {[]}
","Server's date time modified","The date/time that the resource was modified on the server.","This has to match the same time in the meta header if a resource is included.","","","","","","","","",,,,,"",,,,"Bundle.entry.response.lastModified",0,1,"",""
"Bundle.entry.response.outcome","","","",0,1,"","","Y","Resource {[]} {[]}
","OperationOutcome with hints and warnings (for batch/transaction)","An OperationOutcome containing hints and warnings produced as part of processing this entry in a batch or transaction.","For a POST/PUT operation, this is the equivalent outcome that would be returned for prefer = operationoutcome - except that the resource is always returned whether or not the outcome is returned.","","","","","","","","",,,,,"",,,,"Bundle.entry.response.outcome",0,1,"",""
"Bundle.entry","entryoo","","",0,*,"Y","","Y","BackboneElement {[]} {[]}
","Entry in the bundle - will have a resource, or information","An entry in a bundle resource - will either contain a resource, or information about a resource (transactions and history only).","","","","","","","","","",,,,,"",,,,"Bundle.entry",0,*,"","ele-1:All FHIR elements must have a @value or children {hasValue() | (children().count() > id.count())}
bdl-8:fullUrl cannot be a version specific reference {fullUrl.contains('/_history/').not()}bdl-5:must be a resource unless there's a request or response {resource.exists() or request.exists() or response.exists()}"
"Bundle.entry.id","","","",0,1,"","","","string {[]} {[]}
","xml:id (or equivalent in JSON)","unique id for the element within a resource (for internal references). This may be any string value that does not contain spaces.","","","","","","","","","",,,,,"",,,,"Element.id",0,1,"","","n/a"
"Bundle.entry.extension","","extensions
user content","",0,*,"","","","Extension {[]} {[]}
","Additional Content defined by implementations","May be used to represent additional information that is not part of the basic definition of the element. In order to make the use of extensions safe and manageable, there is a strict set of governance  applied to the definition and use of extensions. Though any implementer is allowed to define an extension, there is a set of requirements that SHALL be met as part of the definition of the extension.","There can be no stigma associated with the use of extensions by any application, project, or standard - regardless of the institution or jurisdiction that uses or defines the extensions.  The use of extensions is what allows the FHIR specification to retain a core level of simplicity for everyone.","","","","","","","","",,,,,"",,,,"Element.extension",0,*,"","","n/a"
"Bundle.entry.modifierExtension","","extensions
user contentmodifiers","",0,*,"","Y","Y","Extension {[]} {[]}
","Extensions that cannot be ignored","May be used to represent additional information that is not part of the basic definition of the element, and that modifies the understanding of the element that contains it. Usually modifier elements provide negation or qualification. In order to make the use of extensions safe and manageable, there is a strict set of governance applied to the definition and use of extensions. Though any implementer is allowed to define an extension, there is a set of requirements that SHALL be met as part of the definition of the extension. Applications processing a resource are required to check for modifier extensions.","There can be no stigma associated with the use of extensions by any application, project, or standard - regardless of the institution or jurisdiction that uses or defines the extensions.  The use of extensions is what allows the FHIR specification to retain a core level of simplicity for everyone.","","","","","","","","",,,,,"",,,,"BackboneElement.modifierExtension",0,*,"","","N/A"
"Bundle.entry.link","","","",0,*,"","","Y","","Links related to this entry","A series of links that provide context to this entry.","","","","","","","","","",,,,,"",,,,"Bundle.entry.link",0,*,"",""
"Bundle.entry.fullUrl","","","",0,1,"","","Y","uri {[]} {[]}
","Absolute URL for resource (server address, or UUID/OID)","The Absolute URL for the resource.  The fullUrl SHALL not disagree with the id in the resource. The fullUrl is a version independent reference to the resource. The fullUrl element SHALL have a value except that: 
* fullUrl can be empty on a POST (although it does not need to when specifying a temporary id for reference in the bundle)
* Results from operations might involve resources that are not identified.","fullUrl may not be [unique in the context of a resource](bundle.html#bundle-unique). Note that since [FHIR resources do not need to be served through the FHIR API](references.html), the absolute URL may not end with the logical id of the resource (Resource.id), but if the fullUrl does look like a RESTful server URL (e.g. meets the [regex](references.html#regex), then it SHALL end with the Resource.id.","","","","","","","","",,,,,"",,,,"Bundle.entry.fullUrl",0,1,"",""
"Bundle.entry.resource","","","",0,1,"Y","","Y","OperationOutcome {[]} {[]}
","A resource in the bundle","The Resources for the entry.","","","","","","","","","",,,,,"",,,,"Bundle.entry.resource",0,1,"",""
"Bundle.entry.search","","","",0,1,"Y","","Y","BackboneElement {[]} {[]}
","Search related information","Information about the search process that lead to the creation of this entry.","","","","","","","","","",,,,,"",,,,"Bundle.entry.search",0,1,"bdl-2
","ele-1:All FHIR elements must have a @value or children {hasValue() | (children().count() > id.count())}
"
"Bundle.entry.search.id","","","",0,1,"","","","string {[]} {[]}
","xml:id (or equivalent in JSON)","unique id for the element within a resource (for internal references). This may be any string value that does not contain spaces.","","","","","","","","","",,,,,"",,,,"Element.id",0,1,"","","n/a"
"Bundle.entry.search.extension","","extensions
user content","",0,*,"","","","Extension {[]} {[]}
","Additional Content defined by implementations","May be used to represent additional information that is not part of the basic definition of the element. In order to make the use of extensions safe and manageable, there is a strict set of governance  applied to the definition and use of extensions. Though any implementer is allowed to define an extension, there is a set of requirements that SHALL be met as part of the definition of the extension.","There can be no stigma associated with the use of extensions by any application, project, or standard - regardless of the institution or jurisdiction that uses or defines the extensions.  The use of extensions is what allows the FHIR specification to retain a core level of simplicity for everyone.","","","","","","","","",,,,,"",,,,"Element.extension",0,*,"","","n/a"
"Bundle.entry.search.modifierExtension","","extensions
user contentmodifiers","",0,*,"","Y","Y","Extension {[]} {[]}
","Extensions that cannot be ignored","May be used to represent additional information that is not part of the basic definition of the element, and that modifies the understanding of the element that contains it. Usually modifier elements provide negation or qualification. In order to make the use of extensions safe and manageable, there is a strict set of governance applied to the definition and use of extensions. Though any implementer is allowed to define an extension, there is a set of requirements that SHALL be met as part of the definition of the extension. Applications processing a resource are required to check for modifier extensions.","There can be no stigma associated with the use of extensions by any application, project, or standard - regardless of the institution or jurisdiction that uses or defines the extensions.  The use of extensions is what allows the FHIR specification to retain a core level of simplicity for everyone.","","","","","","","","",,,,,"",,,,"BackboneElement.modifierExtension",0,*,"","","N/A"
"Bundle.entry.search.mode","","","",1,1,"Y","","Y","code {[]} {[]}
","match | include | outcome - why this is in the result set","Why this entry is in the result set - whether it's included as a match or because of an _include requirement.","There is only one mode. In some corner cases, a resource may be included because it is both a match and an include. In these circumstances, 'match' takes precedence.","","","","<valueCode xmlns=""http://hl7.org/fhir"" value=""outcome""/>","","","","",,"required","Why an entry is in the result set - whether it's included as a match or because of an _include requirement.","http://hl7.org/fhir/ValueSet/search-entry-mode","",,,,"Bundle.entry.search.mode",0,1,"",""
"Bundle.entry.search.score","","","",0,1,"","","Y","decimal {[]} {[]}
","Search ranking (between 0 and 1)","When searching, the server's search ranking score for the entry.","Servers are not required to return a ranking score. 1 is most relevant, and 0 is least relevant. Often, search results are sorted by score, but the client may specify a different sort order.","","","","","","","","",,,,,"",,,,"Bundle.entry.search.score",0,1,"",""
"Bundle.entry.request","","","",0,1,"","","Y","BackboneElement {[]} {[]}
","Transaction Related Information","Additional information about how this entry should be processed as part of a transaction.","","","","","","","","","",,,,,"",,,,"Bundle.entry.request",0,1,"bdl-3
","ele-1:All FHIR elements must have a @value or children {hasValue() | (children().count() > id.count())}
"
"Bundle.entry.request.id","","","",0,1,"","","","string {[]} {[]}
","xml:id (or equivalent in JSON)","unique id for the element within a resource (for internal references). This may be any string value that does not contain spaces.","","","","","","","","","",,,,,"",,,,"Element.id",0,1,"","","n/a"
"Bundle.entry.request.extension","","extensions
user content","",0,*,"","","","Extension {[]} {[]}
","Additional Content defined by implementations","May be used to represent additional information that is not part of the basic definition of the element. In order to make the use of extensions safe and manageable, there is a strict set of governance  applied to the definition and use of extensions. Though any implementer is allowed to define an extension, there is a set of requirements that SHALL be met as part of the definition of the extension.","There can be no stigma associated with the use of extensions by any application, project, or standard - regardless of the institution or jurisdiction that uses or defines the extensions.  The use of extensions is what allows the FHIR specification to retain a core level of simplicity for everyone.","","","","","","","","",,,,,"",,,,"Element.extension",0,*,"","","n/a"
"Bundle.entry.request.modifierExtension","","extensions
user contentmodifiers","",0,*,"","Y","Y","Extension {[]} {[]}
","Extensions that cannot be ignored","May be used to represent additional information that is not part of the basic definition of the element, and that modifies the understanding of the element that contains it. Usually modifier elements provide negation or qualification. In order to make the use of extensions safe and manageable, there is a strict set of governance applied to the definition and use of extensions. Though any implementer is allowed to define an extension, there is a set of requirements that SHALL be met as part of the definition of the extension. Applications processing a resource are required to check for modifier extensions.","There can be no stigma associated with the use of extensions by any application, project, or standard - regardless of the institution or jurisdiction that uses or defines the extensions.  The use of extensions is what allows the FHIR specification to retain a core level of simplicity for everyone.","","","","","","","","",,,,,"",,,,"BackboneElement.modifierExtension",0,*,"","","N/A"
"Bundle.entry.request.method","","","",1,1,"","","Y","code {[]} {[]}
","GET | POST | PUT | DELETE","The HTTP verb for this entry in either a change history, or a transaction/ transaction response.","","","","","","","","","",,"required","HTTP verbs (in the HTTP command line).","http://hl7.org/fhir/ValueSet/http-verb","",,,,"Bundle.entry.request.method",1,1,"",""
"Bundle.entry.request.url","","","",1,1,"","","Y","uri {[]} {[]}
","URL for HTTP equivalent of this entry","The URL for this entry, relative to the root (the address to which the request is posted).","E.g. for a Patient Create, the method would be ""POST"" and the URL would be ""Patient"". For a Patient Update, the method would be PUT, and the URL would be ""Patient/[id]"".","","","","","","","","",,,,,"",,,,"Bundle.entry.request.url",1,1,"",""
"Bundle.entry.request.ifNoneMatch","","","",0,1,"","","Y","string {[]} {[]}
","For managing cache currency","If the ETag values match, return a 304 Not Modified status. See the API documentation for [""Conditional Read""](http.html#cread).","","","","","","","","","",,,,,"",,,,"Bundle.entry.request.ifNoneMatch",0,1,"",""
"Bundle.entry.request.ifModifiedSince","","","",0,1,"","","Y","instant {[]} {[]}
","For managing update contention","Only perform the operation if the last updated date matches. See the API documentation for [""Conditional Read""](http.html#cread).","","","","","","","","","",,,,,"",,,,"Bundle.entry.request.ifModifiedSince",0,1,"",""
"Bundle.entry.request.ifMatch","","","",0,1,"","","Y","string {[]} {[]}
","For managing update contention","Only perform the operation if the Etag value matches. For more information, see the API section [""Managing Resource Contention""](http.html#concurrency).","","","","","","","","","",,,,,"",,,,"Bundle.entry.request.ifMatch",0,1,"",""
"Bundle.entry.request.ifNoneExist","","","",0,1,"","","Y","string {[]} {[]}
","For conditional creates","Instruct the server not to perform the create if a specified resource already exists. For further information, see the API documentation for [""Conditional Create""](http.html#ccreate). This is just the query portion of the URL - what follows the ""?"" (not including the ""?"").","","","","","","","","","",,,,,"",,,,"Bundle.entry.request.ifNoneExist",0,1,"",""
"Bundle.entry.response","","","",0,1,"","","Y","BackboneElement {[]} {[]}
","Transaction Related Information","Additional information about how this entry should be processed as part of a transaction.","","","","","","","","","",,,,,"",,,,"Bundle.entry.response",0,1,"bdl-4
","ele-1:All FHIR elements must have a @value or children {hasValue() | (children().count() > id.count())}
"
"Bundle.entry.response.id","","","",0,1,"","","","string {[]} {[]}
","xml:id (or equivalent in JSON)","unique id for the element within a resource (for internal references). This may be any string value that does not contain spaces.","","","","","","","","","",,,,,"",,,,"Element.id",0,1,"","","n/a"
"Bundle.entry.response.extension","","extensions
user content","",0,*,"","","","Extension {[]} {[]}
","Additional Content defined by implementations","May be used to represent additional information that is not part of the basic definition of the element. In order to make the use of extensions safe and manageable, there is a strict set of governance  applied to the definition and use of extensions. Though any implementer is allowed to define an extension, there is a set of requirements that SHALL be met as part of the definition of the extension.","There can be no stigma associated with the use of extensions by any application, project, or standard - regardless of the institution or jurisdiction that uses or defines the extensions.  The use of extensions is what allows the FHIR specification to retain a core level of simplicity for everyone.","","","","","","","","",,,,,"",,,,"Element.extension",0,*,"","","n/a"
"Bundle.entry.response.modifierExtension","","extensions
user contentmodifiers","",0,*,"","Y","Y","Extension {[]} {[]}
","Extensions that cannot be ignored","May be used to represent additional information that is not part of the basic definition of the element, and that modifies the understanding of the element that contains it. Usually modifier elements provide negation or qualification. In order to make the use of extensions safe and manageable, there is a strict set of governance applied to the definition and use of extensions. Though any implementer is allowed to define an extension, there is a set of requirements that SHALL be met as part of the definition of the extension. Applications processing a resource are required to check for modifier extensions.","There can be no stigma associated with the use of extensions by any application, project, or standard - regardless of the institution or jurisdiction that uses or defines the extensions.  The use of extensions is what allows the FHIR specification to retain a core level of simplicity for everyone.","","","","","","","","",,,,,"",,,,"BackboneElement.modifierExtension",0,*,"","","N/A"
"Bundle.entry.response.status","","","",1,1,"","","Y","string {[]} {[]}
","Status response code (text optional)","The status code returned by processing this entry. The status SHALL start with a 3 digit HTTP code (e.g. 404) and may contain the standard HTTP description associated with the status code.","","","","","","","","","",,,,,"",,,,"Bundle.entry.response.status",1,1,"",""
"Bundle.entry.response.location","","","",0,1,"","","Y","uri {[]} {[]}
","The location, if the operation returns a location","The location header created by processing this operation.","","","","","","","","","",,,,,"",,,,"Bundle.entry.response.location",0,1,"",""
"Bundle.entry.response.etag","","","",0,1,"","","Y","string {[]} {[]}
","The etag for the resource (if relevant)","The etag for the resource, it the operation for the entry produced a versioned resource (see [Resource Metadata and Versioning](http.html#versioning) and [Managing Resource Contention](http.html#concurrency)).","Etags match the Resource.meta.versionId. The ETag has to match the version id in the header if a resource is included.","","","","","","","","",,,,,"",,,,"Bundle.entry.response.etag",0,1,"",""
"Bundle.entry.response.lastModified","","","",0,1,"","","Y","instant {[]} {[]}
","Server's date time modified","The date/time that the resource was modified on the server.","This has to match the same time in the meta header if a resource is included.","","","","","","","","",,,,,"",,,,"Bundle.entry.response.lastModified",0,1,"",""
"Bundle.entry.response.outcome","","","",0,1,"","","Y","Resource {[]} {[]}
","OperationOutcome with hints and warnings (for batch/transaction)","An OperationOutcome containing hints and warnings produced as part of processing this entry in a batch or transaction.","For a POST/PUT operation, this is the equivalent outcome that would be returned for prefer = operationoutcome - except that the resource is always returned whether or not the outcome is returned.","","","","","","","","",,,,,"",,,,"Bundle.entry.response.outcome",0,1,"",""
"Bundle.signature","","","",0,1,"","","Y","Signature {[]} {[]}
","Digital Signature","Digital Signature - base64 encoded. XML-DSIg or a JWT.","The signature could be created by the ""author"" of the bundle or by the originating device.   Requirements around inclusion of a signature, verification of signatures and treatment of signed/non-signed bundles is implementation-environment specific.","This element allows capturing signatures on documents. It also allows signatures on messages, transactions or even query responses. It may support content-authentication, non-repudiation or other business cases. This is primarily relevant where the bundle may travel through multiple hops or via other mechanisms where HTTPS non-repudiation is insufficient.","","","","","","","",,,,,"",,,,"Bundle.signature",0,1,"",""
